<?xml version="1.0" encoding="UTF-8"?>
<project-private xmlns="http://www.netbeans.org/ns/project-private/1">
    <editor-bookmarks xmlns="http://www.netbeans.org/ns/editor-bookmarks/2" lastBookmarkId="0"/>
    <open-files xmlns="http://www.netbeans.org/ns/projectui-open-files/2">
        <group>
            <file>file:/C:/Users/Ankul/Documents/NetBeansProjects/DBMS_Servlet/src/java/FormControl.java</file>
            <file>file:/C:/Users/Ankul/Documents/NetBeansProjects/DBMS_Servlet/web/index.jsp</file>
            <file>file:/C:/Users/Ankul/Documents/NetBeansProjects/DBMS_Servlet/web/META-INF/context.xml</file>
            <file>file:/C:/Users/Ankul/Documents/NetBeansProjects/DBMS_Servlet/src/java/FormController.java</file>
        </group>
    </open-files>
</project-private>
